generator,prediction_clipdet_latent10k,prediction_clipdet_latent10k_plus,prediction_Corvi2023,prediction_fusion[mean_logit],prediction_fusion[max_logit],prediction_fusion[median_logit],prediction_fusion[lse_logit],prediction_fusion[mean_prob],prediction_fusion[soft_or_prob],prediction_OF
CogVideoX-5B,0.340625,0.6864583333333333,0.20625,0.3458333333333333,0.7333333333333333,0.3697916666666667,0.9864583333333333,0.3489583333333333,0.9958333333333333,0.11026924339211833
Luma,0.29504132231404956,0.8950413223140496,0.04325068870523414,0.24490358126721765,0.9011019283746555,0.3057851239669421,0.9820936639118457,0.2564738292011019,0.9936639118457299,0.08877873313806975
Hunyuan,0.18585858585858583,0.5191919191919193,0.1929292929292929,0.21818181818181817,0.6212121212121212,0.22121212121212122,0.9262626262626262,0.22121212121212122,0.9666666666666667,0.1244618324655034
Real,0.04033061364340869,0.1645531993934793,0.0,0.0037717839888904035,0.17000257541659594,0.034881237620292056,0.3622977388767791,0.008257346085890686,0.48131438649997016,0.021621038221226335
Complete Dataset,0.21693558857846987,0.5696873111562182,0.11153697015996478,0.2048482665474697,0.6100797997872655,0.2345817079526082,0.8180762448122753,0.21041001301586157,0.8625465089400927,0.08682608721248998